sku_id,lot_id,mfg_date,expiry_date,qty,node_id,data_provenance
YGC-PER-0001,LOT-000001,2026-06-08,2028-06-07,1195,CFA-WEST,synthetic
YGC-PER-0001,LOT-000002,2026-04-26,2028-04-25,1598,CFA-NORTH,synthetic
YGC-PER-0001,LOT-000003,2026-05-09,2028-05-08,621,DC-DEL,synthetic
YGC-PER-0002,LOT-000004,2026-05-01,2028-04-30,239,PLT-HAR,synthetic
YGC-PER-0002,LOT-000005,2026-05-16,2028-05-15,202,DC-DEL,synthetic
YGC-PER-0002,LOT-000006,2026-03-25,2028-03-24,316,DC-MUM,synthetic
YGC-PER-0003,LOT-000007,2026-03-16,2028-03-15,1725,CFA-SOUTH,synthetic
YGC-PER-0003,LOT-000008,2026-03-10,2028-03-09,1470,CFA-WEST,synthetic
YGC-PER-0003,LOT-000009,2026-04-03,2028-04-02,1686,CFA-NORTH,synthetic
YGC-PER-0004,LOT-000010,2026-04-27,2028-04-26,1176,PLT-HAR,synthetic
YGC-PER-0004,LOT-000011,2026-06-12,2028-06-11,53,CFA-SOUTH,synthetic
YGC-PER-0004,LOT-000012,2026-06-18,2028-06-17,1479,CFA-SOUTH,synthetic
YGC-PER-0005,LOT-000013,2026-04-05,2028-04-04,1210,CFA-NORTH,synthetic
YGC-PER-0005,LOT-000014,2026-04-25,2028-04-24,1980,CFA-NORTH,synthetic
YGC-PER-0005,LOT-000015,2026-06-19,2028-06-18,1570,DC-DEL,synthetic
YGC-PER-0005,LOT-000016,2026-04-15,2028-04-14,93,DC-DEL,synthetic
YGC-PER-0005,LOT-000017,2026-05-28,2028-05-27,537,PLT-HAR,synthetic
YGC-PER-0006,LOT-000018,2026-03-09,2028-03-08,551,CFA-NORTH,synthetic
YGC-PER-0006,LOT-000019,2026-04-14,2028-04-13,1433,DC-MUM,synthetic
YGC-PER-0006,LOT-000020,2026-04-03,2028-04-02,1210,CFA-WEST,synthetic
YGC-PER-0006,LOT-000021,2026-05-21,2028-05-20,1578,DC-MUM,synthetic
YGC-PER-0006,LOT-000022,2026-06-28,2028-06-27,108,CFA-NORTH,synthetic
YGC-PER-0007,LOT-000023,2026-03-30,2028-03-29,988,DC-MUM,synthetic
YGC-PER-0007,LOT-000024,2026-06-17,2028-06-16,546,DC-DEL,synthetic
YGC-PER-0007,LOT-000025,2026-04-30,2028-04-29,1587,CFA-WEST,synthetic
YGC-PER-0008,LOT-000026,2026-06-15,2028-06-14,188,CFA-WEST,synthetic
YGC-PER-0008,LOT-000027,2026-06-29,2028-06-28,1305,DC-MUM,synthetic
YGC-PER-0008,LOT-000028,2026-05-21,2028-05-20,352,CFA-SOUTH,synthetic
YGC-PER-0008,LOT-000029,2026-05-28,2028-05-27,91,CFA-SOUTH,synthetic
YGC-PER-0008,LOT-000030,2026-04-13,2028-04-12,655,CFA-WEST,synthetic
YGC-PER-0009,LOT-000031,2026-04-09,2028-04-08,1330,PLT-HAR,synthetic
YGC-PER-0009,LOT-000032,2026-05-04,2028-05-03,1252,PLT-HAR,synthetic
YGC-PER-0009,LOT-000033,2026-06-17,2028-06-16,515,CFA-NORTH,synthetic
YGC-PER-0009,LOT-000034,2026-05-04,2028-05-03,1708,PLT-HAR,synthetic
YGC-PER-0009,LOT-000035,2026-03-13,2028-03-12,838,CFA-NORTH,synthetic
YGC-PER-0010,LOT-000036,2026-03-23,2028-03-22,959,DC-DEL,synthetic
YGC-PER-0010,LOT-000037,2026-03-15,2028-03-14,659,CFA-NORTH,synthetic
YGC-PER-0010,LOT-000038,2026-05-03,2028-05-02,1564,DC-MUM,synthetic
YGC-PER-0010,LOT-000039,2026-05-08,2028-05-07,1011,CFA-NORTH,synthetic
YGC-PER-0010,LOT-000040,2026-03-11,2028-03-10,691,CFA-WEST,synthetic
YGC-PER-0011,LOT-000041,2026-04-12,2028-04-11,1172,PLT-HAR,synthetic
YGC-PER-0011,LOT-000042,2026-06-03,2028-06-02,486,DC-DEL,synthetic
YGC-PER-0012,LOT-000043,2026-03-30,2028-03-29,1606,CFA-SOUTH,synthetic
YGC-PER-0012,LOT-000044,2026-06-01,2028-05-31,1826,DC-DEL,synthetic
YGC-PER-0012,LOT-000045,2026-04-05,2028-04-04,716,CFA-WEST,synthetic
YGC-PER-0012,LOT-000046,2026-03-19,2028-03-18,257,CFA-WEST,synthetic
YGC-PER-0013,LOT-000047,2026-06-13,2028-06-12,1281,CFA-NORTH,synthetic
YGC-PER-0013,LOT-000048,2026-04-08,2028-04-07,1148,CFA-SOUTH,synthetic
YGC-PER-0013,LOT-000049,2026-06-03,2028-06-02,1312,DC-MUM,synthetic
YGC-PER-0013,LOT-000050,2026-05-22,2028-05-21,1917,DC-MUM,synthetic
YGC-PER-0013,LOT-000051,2026-04-22,2028-04-21,824,DC-DEL,synthetic
YGC-PER-0014,LOT-000052,2026-05-16,2028-05-15,1822,CFA-SOUTH,synthetic
YGC-PER-0014,LOT-000053,2026-05-29,2028-05-28,409,DC-MUM,synthetic
YGC-PER-0014,LOT-000054,2026-05-22,2028-05-21,126,DC-DEL,synthetic
YGC-PER-0014,LOT-000055,2026-04-11,2028-04-10,1739,CFA-WEST,synthetic
YGC-PER-0015,LOT-000056,2026-06-08,2028-06-07,1786,CFA-SOUTH,synthetic
YGC-PER-0015,LOT-000057,2026-04-05,2028-04-04,1238,CFA-WEST,synthetic
YGC-PER-0015,LOT-000058,2026-05-04,2028-05-03,818,DC-DEL,synthetic
YGC-PER-0015,LOT-000059,2026-04-27,2028-04-26,1444,PLT-HAR,synthetic
YGC-PER-0016,LOT-000060,2026-03-27,2028-03-26,124,DC-MUM,synthetic
YGC-PER-0016,LOT-000061,2026-04-25,2028-04-24,741,DC-MUM,synthetic
YGC-PER-0016,LOT-000062,2026-05-22,2028-05-21,1762,CFA-SOUTH,synthetic
YGC-PER-0016,LOT-000063,2026-06-01,2028-05-31,1465,DC-DEL,synthetic
YGC-PER-0017,LOT-000064,2026-03-19,2027-09-10,1411,DC-MUM,synthetic
YGC-PER-0017,LOT-000065,2026-04-26,2027-10-18,767,CFA-NORTH,synthetic
YGC-PER-0017,LOT-000066,2026-03-25,2027-09-16,847,DC-MUM,synthetic
YGC-PER-0017,LOT-000067,2026-06-01,2027-11-23,77,CFA-SOUTH,synthetic
YGC-PER-0018,LOT-000068,2026-05-11,2027-11-02,1325,CFA-NORTH,synthetic
YGC-PER-0018,LOT-000069,2026-03-12,2027-09-03,1985,CFA-WEST,synthetic
YGC-PER-0018,LOT-000070,2026-04-19,2027-10-11,1247,CFA-SOUTH,synthetic
YGC-PER-0018,LOT-000071,2026-05-15,2027-11-06,1818,DC-DEL,synthetic
YGC-PER-0018,LOT-000072,2026-03-11,2027-09-02,1835,PLT-HAR,synthetic
YGC-PER-0019,LOT-000073,2026-05-30,2027-11-21,490,CFA-WEST,synthetic
YGC-PER-0019,LOT-000074,2026-04-28,2027-10-20,1315,CFA-SOUTH,synthetic
YGC-PER-0020,LOT-000075,2026-03-17,2027-09-08,372,CFA-SOUTH,synthetic
YGC-PER-0020,LOT-000076,2026-04-25,2027-10-17,438,CFA-NORTH,synthetic
YGC-PER-0020,LOT-000077,2026-06-26,2027-12-18,1166,PLT-HAR,synthetic
YGC-PER-0020,LOT-000078,2026-06-17,2027-12-09,289,CFA-WEST,synthetic
YGC-PER-0020,LOT-000079,2026-05-10,2027-11-01,302,CFA-SOUTH,synthetic
YGC-PER-0021,LOT-000080,2026-04-09,2027-10-01,1106,DC-DEL,synthetic
YGC-PER-0021,LOT-000081,2026-06-17,2027-12-09,902,CFA-WEST,synthetic
YGC-PER-0021,LOT-000082,2026-05-19,2027-11-10,686,PLT-HAR,synthetic
YGC-PER-0021,LOT-000083,2026-06-17,2027-12-09,1873,PLT-HAR,synthetic
YGC-PER-0022,LOT-000084,2026-04-06,2027-09-28,358,CFA-SOUTH,synthetic
YGC-PER-0022,LOT-000085,2026-04-10,2027-10-02,897,PLT-HAR,synthetic
YGC-PER-0022,LOT-000086,2026-04-08,2027-09-30,266,CFA-WEST,synthetic
YGC-PER-0022,LOT-000087,2026-03-10,2027-09-01,1683,DC-MUM,synthetic
YGC-HOM-0023,LOT-000088,2026-05-17,2029-05-16,1267,CFA-WEST,synthetic
YGC-HOM-0023,LOT-000089,2026-06-14,2029-06-13,227,CFA-NORTH,synthetic
YGC-HOM-0023,LOT-000090,2026-05-30,2029-05-29,355,CFA-SOUTH,synthetic
YGC-HOM-0023,LOT-000091,2026-05-01,2029-04-30,1996,PLT-HAR,synthetic
YGC-HOM-0023,LOT-000092,2026-04-20,2029-04-19,1679,CFA-SOUTH,synthetic
YGC-HOM-0024,LOT-000093,2026-06-18,2029-06-17,92,DC-DEL,synthetic
YGC-HOM-0024,LOT-000094,2026-05-01,2029-04-30,916,PLT-HAR,synthetic
YGC-HOM-0024,LOT-000095,2026-05-04,2029-05-03,1069,PLT-HAR,synthetic
YGC-HOM-0025,LOT-000096,2026-04-30,2029-04-29,769,DC-DEL,synthetic
YGC-HOM-0025,LOT-000097,2026-06-17,2029-06-16,146,CFA-SOUTH,synthetic
YGC-HOM-0025,LOT-000098,2026-06-06,2029-06-05,926,DC-DEL,synthetic
YGC-HOM-0025,LOT-000099,2026-06-21,2029-06-20,573,DC-DEL,synthetic
YGC-HOM-0025,LOT-000100,2026-04-21,2029-04-20,1123,CFA-WEST,synthetic
YGC-HOM-0026,LOT-000101,2026-06-16,2029-06-15,766,CFA-WEST,synthetic
YGC-HOM-0026,LOT-000102,2026-06-28,2029-06-27,1804,CFA-WEST,synthetic
YGC-HOM-0026,LOT-000103,2026-04-13,2029-04-12,1291,CFA-NORTH,synthetic
YGC-HOM-0026,LOT-000104,2026-05-27,2029-05-26,1639,CFA-SOUTH,synthetic
YGC-HOM-0026,LOT-000105,2026-03-21,2029-03-20,259,DC-DEL,synthetic
YGC-HOM-0027,LOT-000106,2026-05-14,2029-05-13,1960,PLT-HAR,synthetic
YGC-HOM-0027,LOT-000107,2026-05-08,2029-05-07,1844,DC-DEL,synthetic
YGC-HOM-0027,LOT-000108,2026-06-19,2029-06-18,1233,DC-MUM,synthetic
YGC-HOM-0028,LOT-000109,2026-05-20,2029-05-19,924,DC-MUM,synthetic
YGC-HOM-0028,LOT-000110,2026-03-11,2029-03-10,1234,CFA-NORTH,synthetic
YGC-HOM-0028,LOT-000111,2026-05-31,2029-05-30,1568,DC-MUM,synthetic
YGC-HOM-0028,LOT-000112,2026-04-23,2029-04-22,421,DC-MUM,synthetic
YGC-HOM-0029,LOT-000113,2026-05-28,2029-05-27,119,DC-MUM,synthetic
YGC-HOM-0029,LOT-000114,2026-04-12,2029-04-11,565,DC-MUM,synthetic
YGC-HOM-0029,LOT-000115,2026-05-02,2029-05-01,644,CFA-SOUTH,synthetic
YGC-HOM-0029,LOT-000116,2026-03-27,2029-03-26,1795,CFA-NORTH,synthetic
YGC-HOM-0029,LOT-000117,2026-06-03,2029-06-02,1499,DC-DEL,synthetic
YGC-HOM-0030,LOT-000118,2026-06-09,2029-06-08,782,DC-MUM,synthetic
YGC-HOM-0030,LOT-000119,2026-05-21,2029-05-20,593,CFA-NORTH,synthetic
YGC-HOM-0030,LOT-000120,2026-06-15,2029-06-14,1836,DC-MUM,synthetic
YGC-HOM-0030,LOT-000121,2026-05-29,2029-05-28,53,CFA-WEST,synthetic
YGC-HOM-0030,LOT-000122,2026-04-14,2029-04-13,1268,CFA-NORTH,synthetic
YGC-HOM-0031,LOT-000123,2026-03-28,2029-03-27,1936,DC-DEL,synthetic
YGC-HOM-0031,LOT-000124,2026-06-14,2029-06-13,1403,CFA-NORTH,synthetic
YGC-HOM-0031,LOT-000125,2026-05-09,2029-05-08,1374,CFA-SOUTH,synthetic
YGC-HOM-0031,LOT-000126,2026-04-12,2029-04-11,995,DC-MUM,synthetic
YGC-HOM-0032,LOT-000127,2026-04-04,2029-04-03,268,CFA-NORTH,synthetic
YGC-HOM-0032,LOT-000128,2026-03-10,2029-03-09,1736,CFA-SOUTH,synthetic
YGC-HOM-0032,LOT-000129,2026-03-25,2029-03-24,1442,CFA-SOUTH,synthetic
YGC-HOM-0032,LOT-000130,2026-04-16,2029-04-15,714,DC-MUM,synthetic
YGC-HOM-0032,LOT-000131,2026-05-12,2029-05-11,783,PLT-HAR,synthetic
YGC-HOM-0033,LOT-000132,2026-05-11,2028-05-10,1556,CFA-NORTH,synthetic
YGC-HOM-0033,LOT-000133,2026-03-20,2028-03-19,564,CFA-SOUTH,synthetic
YGC-HOM-0033,LOT-000134,2026-06-28,2028-06-27,787,CFA-SOUTH,synthetic
YGC-HOM-0033,LOT-000135,2026-05-01,2028-04-30,140,DC-MUM,synthetic
YGC-HOM-0034,LOT-000136,2026-03-11,2028-03-10,1502,CFA-NORTH,synthetic
YGC-HOM-0034,LOT-000137,2026-04-21,2028-04-20,1165,PLT-HAR,synthetic
YGC-HOM-0035,LOT-000138,2026-03-23,2028-03-22,727,CFA-SOUTH,synthetic
YGC-HOM-0035,LOT-000139,2026-05-27,2028-05-26,836,CFA-NORTH,synthetic
YGC-HOM-0036,LOT-000140,2026-06-29,2028-06-28,472,CFA-WEST,synthetic
YGC-HOM-0036,LOT-000141,2026-06-22,2028-06-21,209,CFA-WEST,synthetic
YGC-HOM-0036,LOT-000142,2026-06-07,2028-06-06,151,DC-DEL,synthetic
YGC-HOM-0036,LOT-000143,2026-05-14,2028-05-13,1965,DC-MUM,synthetic
YGC-HOM-0037,LOT-000144,2026-06-16,2028-06-15,1434,DC-MUM,synthetic
YGC-HOM-0037,LOT-000145,2026-04-22,2028-04-21,1107,DC-DEL,synthetic
YGC-HOM-0037,LOT-000146,2026-04-11,2028-04-10,161,CFA-NORTH,synthetic
YGC-HOM-0037,LOT-000147,2026-06-13,2028-06-12,271,CFA-SOUTH,synthetic
YGC-HOM-0037,LOT-000148,2026-05-31,2028-05-30,288,DC-DEL,synthetic
YGC-HOM-0038,LOT-000149,2026-06-16,2028-06-15,1676,PLT-HAR,synthetic
YGC-HOM-0038,LOT-000150,2026-04-15,2028-04-14,1840,DC-DEL,synthetic
YGC-HOM-0039,LOT-000151,2026-06-25,2028-06-24,330,CFA-SOUTH,synthetic
YGC-HOM-0039,LOT-000152,2026-03-15,2028-03-14,1200,DC-DEL,synthetic
YGC-HOM-0039,LOT-000153,2026-06-26,2028-06-25,1599,CFA-NORTH,synthetic
YGC-HOM-0039,LOT-000154,2026-05-08,2028-05-07,1938,CFA-NORTH,synthetic
YGC-HOM-0039,LOT-000155,2026-04-19,2028-04-18,1435,CFA-SOUTH,synthetic
YGC-HOM-0040,LOT-000156,2026-06-23,2028-06-22,899,CFA-NORTH,synthetic
YGC-HOM-0040,LOT-000157,2026-06-10,2028-06-09,597,DC-DEL,synthetic
YGC-HOM-0040,LOT-000158,2026-04-22,2028-04-21,387,DC-MUM,synthetic
YGC-HOM-0041,LOT-000159,2026-03-30,2028-03-29,149,PLT-HAR,synthetic
YGC-HOM-0041,LOT-000160,2026-05-02,2028-05-01,1225,CFA-SOUTH,synthetic
YGC-HOM-0041,LOT-000161,2026-03-16,2028-03-15,1028,CFA-SOUTH,synthetic
YGC-HOM-0041,LOT-000162,2026-04-09,2028-04-08,1352,CFA-WEST,synthetic
YGC-HOM-0041,LOT-000163,2026-03-21,2028-03-20,51,CFA-NORTH,synthetic
YGC-HOM-0042,LOT-000164,2026-03-20,2028-03-19,313,CFA-SOUTH,synthetic
YGC-HOM-0042,LOT-000165,2026-06-05,2028-06-04,602,DC-DEL,synthetic
YGC-HOM-0043,LOT-000166,2026-04-23,2028-04-22,1322,CFA-WEST,synthetic
YGC-HOM-0043,LOT-000167,2026-06-03,2028-06-02,708,CFA-WEST,synthetic
YGC-HOM-0043,LOT-000168,2026-03-24,2028-03-23,1691,DC-DEL,synthetic
YGC-HOM-0043,LOT-000169,2026-05-23,2028-05-22,113,PLT-HAR,synthetic
YGC-HOM-0043,LOT-000170,2026-06-05,2028-06-04,1005,CFA-SOUTH,synthetic
YGC-HOM-0044,LOT-000171,2026-05-14,2028-05-13,850,PLT-HAR,synthetic
YGC-HOM-0044,LOT-000172,2026-03-12,2028-03-11,70,CFA-NORTH,synthetic
YGC-FOO-0045,LOT-000173,2026-05-25,2026-11-21,1181,CFA-WEST,synthetic
YGC-FOO-0045,LOT-000174,2026-06-05,2026-12-02,746,CFA-NORTH,synthetic
YGC-FOO-0046,LOT-000175,2026-05-22,2026-11-18,1153,DC-MUM,synthetic
YGC-FOO-0046,LOT-000176,2026-06-15,2026-12-12,1737,DC-MUM,synthetic
YGC-FOO-0047,LOT-000177,2026-04-02,2026-09-29,511,CFA-SOUTH,synthetic
YGC-FOO-0047,LOT-000178,2026-04-19,2026-10-16,762,CFA-WEST,synthetic
YGC-FOO-0048,LOT-000179,2026-06-10,2026-12-07,447,DC-MUM,synthetic
YGC-FOO-0048,LOT-000180,2026-05-28,2026-11-24,1449,PLT-HAR,synthetic
YGC-FOO-0048,LOT-000181,2026-05-11,2026-11-07,564,DC-MUM,synthetic
YGC-FOO-0049,LOT-000182,2026-05-14,2026-11-10,441,CFA-WEST,synthetic
YGC-FOO-0049,LOT-000183,2026-03-24,2026-09-20,414,CFA-NORTH,synthetic
YGC-FOO-0049,LOT-000184,2026-04-30,2026-10-27,182,DC-DEL,synthetic
YGC-FOO-0049,LOT-000185,2026-04-14,2026-10-11,327,DC-MUM,synthetic
YGC-FOO-0049,LOT-000186,2026-05-24,2026-11-20,1684,DC-MUM,synthetic
YGC-FOO-0050,LOT-000187,2026-04-19,2026-10-16,756,CFA-WEST,synthetic
YGC-FOO-0050,LOT-000188,2026-03-29,2026-09-25,615,CFA-SOUTH,synthetic
YGC-FOO-0051,LOT-000189,2026-05-21,2026-11-17,360,CFA-NORTH,synthetic
YGC-FOO-0051,LOT-000190,2026-05-02,2026-10-29,854,DC-DEL,synthetic
YGC-FOO-0052,LOT-000191,2026-06-03,2026-11-30,678,PLT-HAR,synthetic
YGC-FOO-0052,LOT-000192,2026-05-27,2026-11-23,1438,CFA-SOUTH,synthetic
YGC-FOO-0053,LOT-000193,2026-04-29,2026-10-26,697,CFA-NORTH,synthetic
YGC-FOO-0053,LOT-000194,2026-05-22,2026-11-18,318,DC-DEL,synthetic
YGC-FOO-0054,LOT-000195,2026-06-21,2026-12-18,646,CFA-SOUTH,synthetic
YGC-FOO-0054,LOT-000196,2026-06-18,2026-12-15,1844,CFA-WEST,synthetic
YGC-FOO-0055,LOT-000197,2026-04-21,2026-10-18,73,PLT-HAR,synthetic
YGC-FOO-0055,LOT-000198,2026-05-20,2026-11-16,463,PLT-HAR,synthetic
YGC-FOO-0055,LOT-000199,2026-04-10,2026-10-07,1771,CFA-NORTH,synthetic
YGC-FOO-0056,LOT-000200,2026-05-28,2026-11-24,1071,DC-MUM,synthetic
YGC-FOO-0056,LOT-000201,2026-03-14,2026-09-10,893,DC-DEL,synthetic
YGC-FOO-0057,LOT-000202,2026-04-21,2026-08-19,1577,DC-MUM,synthetic
YGC-FOO-0057,LOT-000203,2026-06-01,2026-09-29,137,CFA-NORTH,synthetic
YGC-FOO-0057,LOT-000204,2026-03-14,2026-07-12,1434,DC-MUM,synthetic
YGC-FOO-0057,LOT-000205,2026-03-30,2026-07-28,1058,DC-DEL,synthetic
YGC-FOO-0058,LOT-000206,2026-04-02,2026-07-31,928,PLT-HAR,synthetic
YGC-FOO-0058,LOT-000207,2026-04-10,2026-08-08,1383,CFA-NORTH,synthetic
YGC-FOO-0058,LOT-000208,2026-03-10,2026-07-08,793,CFA-WEST,synthetic
YGC-FOO-0058,LOT-000209,2026-04-21,2026-08-19,1970,CFA-NORTH,synthetic
YGC-FOO-0058,LOT-000210,2026-04-19,2026-08-17,1348,DC-MUM,synthetic
YGC-FOO-0059,LOT-000211,2026-03-19,2026-07-17,874,DC-MUM,synthetic
YGC-FOO-0059,LOT-000212,2026-03-11,2026-07-09,1612,PLT-HAR,synthetic
YGC-FOO-0059,LOT-000213,2026-04-09,2026-08-07,1376,PLT-HAR,synthetic
YGC-FOO-0059,LOT-000214,2026-05-05,2026-09-02,1003,DC-DEL,synthetic
YGC-FOO-0060,LOT-000215,2026-04-08,2026-08-06,1275,PLT-HAR,synthetic
YGC-FOO-0060,LOT-000216,2026-04-30,2026-08-28,348,DC-DEL,synthetic
YGC-FOO-0061,LOT-000217,2026-05-09,2026-09-06,296,DC-DEL,synthetic
YGC-FOO-0061,LOT-000218,2026-04-08,2026-08-06,1815,CFA-NORTH,synthetic
YGC-FOO-0061,LOT-000219,2026-06-14,2026-10-12,591,PLT-HAR,synthetic
YGC-FOO-0061,LOT-000220,2026-05-29,2026-09-26,915,CFA-WEST,synthetic
YGC-FOO-0061,LOT-000221,2026-04-08,2026-08-06,475,CFA-NORTH,synthetic
YGC-FOO-0062,LOT-000222,2026-05-02,2026-08-30,1452,PLT-HAR,synthetic
YGC-FOO-0062,LOT-000223,2026-06-14,2026-10-12,128,DC-DEL,synthetic
YGC-FOO-0062,LOT-000224,2026-04-23,2026-08-21,1022,CFA-NORTH,synthetic
YGC-FOO-0063,LOT-000225,2026-05-10,2026-09-07,1897,DC-DEL,synthetic
YGC-FOO-0063,LOT-000226,2026-06-13,2026-10-11,1718,CFA-WEST,synthetic
YGC-FOO-0063,LOT-000227,2026-04-01,2026-07-30,1283,CFA-NORTH,synthetic
YGC-FOO-0064,LOT-000228,2026-05-21,2026-09-18,1587,CFA-SOUTH,synthetic
YGC-FOO-0064,LOT-000229,2026-05-24,2026-09-21,915,CFA-SOUTH,synthetic
YGC-FOO-0064,LOT-000230,2026-04-19,2026-08-17,935,CFA-WEST,synthetic
YGC-FOO-0065,LOT-000231,2026-05-10,2026-09-07,819,CFA-NORTH,synthetic
YGC-FOO-0065,LOT-000232,2026-03-10,2026-07-08,490,DC-MUM,synthetic
YGC-FOO-0066,LOT-000233,2026-05-27,2026-09-24,1631,CFA-NORTH,synthetic
YGC-FOO-0066,LOT-000234,2026-03-30,2026-07-28,539,DC-DEL,synthetic
YGC-FOO-0066,LOT-000235,2026-03-08,2026-07-06,1703,DC-DEL,synthetic
YGC-FOO-0066,LOT-000236,2026-03-12,2026-07-10,1656,CFA-NORTH,synthetic
YGC-FOO-0066,LOT-000237,2026-04-20,2026-08-18,232,CFA-WEST,synthetic
YGC-FOO-0067,LOT-000238,2026-06-06,2027-03-03,212,CFA-SOUTH,synthetic
YGC-FOO-0067,LOT-000239,2026-06-07,2027-03-04,501,DC-DEL,synthetic
YGC-FOO-0067,LOT-000240,2026-03-22,2026-12-17,511,CFA-NORTH,synthetic
YGC-FOO-0067,LOT-000241,2026-04-11,2027-01-06,882,CFA-SOUTH,synthetic
YGC-FOO-0068,LOT-000242,2026-06-24,2027-03-21,1986,CFA-NORTH,synthetic
YGC-FOO-0068,LOT-000243,2026-03-12,2026-12-07,1525,CFA-NORTH,synthetic
YGC-FOO-0068,LOT-000244,2026-04-02,2026-12-28,237,DC-DEL,synthetic
YGC-FOO-0068,LOT-000245,2026-06-24,2027-03-21,615,CFA-SOUTH,synthetic
YGC-FOO-0068,LOT-000246,2026-05-17,2027-02-11,1474,PLT-HAR,synthetic
YGC-FOO-0069,LOT-000247,2026-03-08,2026-12-03,1125,DC-MUM,synthetic
YGC-FOO-0069,LOT-000248,2026-05-05,2027-01-30,1575,CFA-NORTH,synthetic
YGC-FOO-0069,LOT-000249,2026-05-07,2027-02-01,237,PLT-HAR,synthetic
YGC-FOO-0069,LOT-000250,2026-04-01,2026-12-27,1454,CFA-NORTH,synthetic
YGC-FOO-0069,LOT-000251,2026-06-14,2027-03-11,1495,PLT-HAR,synthetic
YGC-FOO-0070,LOT-000252,2026-05-29,2027-02-23,1992,CFA-NORTH,synthetic
YGC-FOO-0070,LOT-000253,2026-03-18,2026-12-13,1231,CFA-NORTH,synthetic
YGC-FOO-0070,LOT-000254,2026-06-01,2027-02-26,593,DC-MUM,synthetic
YGC-FOO-0071,LOT-000255,2026-06-28,2027-03-25,1441,CFA-NORTH,synthetic
YGC-FOO-0071,LOT-000256,2026-06-08,2027-03-05,1208,CFA-NORTH,synthetic
YGC-FOO-0071,LOT-000257,2026-03-22,2026-12-17,1035,CFA-NORTH,synthetic
YGC-FOO-0071,LOT-000258,2026-05-02,2027-01-27,1110,DC-DEL,synthetic
YGC-FOO-0072,LOT-000259,2026-03-23,2026-12-18,1175,CFA-WEST,synthetic
YGC-FOO-0072,LOT-000260,2026-05-26,2027-02-20,1696,CFA-NORTH,synthetic
YGC-BEV-0073,LOT-000261,2026-06-28,2026-12-25,417,CFA-SOUTH,synthetic
YGC-BEV-0073,LOT-000262,2026-06-18,2026-12-15,1315,CFA-NORTH,synthetic
YGC-BEV-0073,LOT-000263,2026-05-09,2026-11-05,1596,DC-MUM,synthetic
YGC-BEV-0073,LOT-000264,2026-04-02,2026-09-29,65,DC-DEL,synthetic
YGC-BEV-0073,LOT-000265,2026-04-19,2026-10-16,50,PLT-HAR,synthetic
YGC-BEV-0074,LOT-000266,2026-03-08,2026-09-04,82,DC-DEL,synthetic
YGC-BEV-0074,LOT-000267,2026-06-24,2026-12-21,1332,CFA-NORTH,synthetic
YGC-BEV-0075,LOT-000268,2026-06-27,2026-12-24,93,CFA-SOUTH,synthetic
YGC-BEV-0075,LOT-000269,2026-06-23,2026-12-20,1625,PLT-HAR,synthetic
YGC-BEV-0075,LOT-000270,2026-04-15,2026-10-12,1982,PLT-HAR,synthetic
YGC-BEV-0076,LOT-000271,2026-03-23,2026-09-19,154,CFA-WEST,synthetic
YGC-BEV-0076,LOT-000272,2026-03-25,2026-09-21,1695,DC-MUM,synthetic
YGC-BEV-0076,LOT-000273,2026-06-10,2026-12-07,1059,CFA-WEST,synthetic
YGC-BEV-0076,LOT-000274,2026-06-01,2026-11-28,129,CFA-NORTH,synthetic
YGC-BEV-0076,LOT-000275,2026-05-03,2026-10-30,117,CFA-WEST,synthetic
YGC-BEV-0077,LOT-000276,2026-05-21,2026-11-17,1125,DC-MUM,synthetic
YGC-BEV-0077,LOT-000277,2026-04-29,2026-10-26,969,DC-DEL,synthetic
YGC-BEV-0078,LOT-000278,2026-03-07,2026-09-03,911,DC-DEL,synthetic
YGC-BEV-0078,LOT-000279,2026-05-09,2026-11-05,1798,PLT-HAR,synthetic
YGC-BEV-0079,LOT-000280,2026-05-21,2026-11-17,870,CFA-WEST,synthetic
YGC-BEV-0079,LOT-000281,2026-05-15,2026-11-11,221,PLT-HAR,synthetic
YGC-BEV-0080,LOT-000282,2026-06-06,2026-12-03,108,CFA-WEST,synthetic
YGC-BEV-0080,LOT-000283,2026-04-25,2026-10-22,542,PLT-HAR,synthetic
YGC-BEV-0081,LOT-000284,2026-03-13,2026-07-11,675,PLT-HAR,synthetic
YGC-BEV-0081,LOT-000285,2026-04-10,2026-08-08,472,PLT-HAR,synthetic
YGC-BEV-0082,LOT-000286,2026-05-21,2026-09-18,391,CFA-SOUTH,synthetic
YGC-BEV-0082,LOT-000287,2026-06-04,2026-10-02,1596,CFA-SOUTH,synthetic
YGC-BEV-0083,LOT-000288,2026-03-09,2026-07-07,932,CFA-SOUTH,synthetic
YGC-BEV-0083,LOT-000289,2026-06-17,2026-10-15,740,CFA-NORTH,synthetic
YGC-BEV-0084,LOT-000290,2026-03-17,2026-07-15,1261,CFA-WEST,synthetic
YGC-BEV-0084,LOT-000291,2026-06-24,2026-10-22,217,CFA-WEST,synthetic
YGC-BEV-0084,LOT-000292,2026-05-07,2026-09-04,951,PLT-HAR,synthetic
YGC-BEV-0085,LOT-000293,2026-03-21,2026-07-19,356,DC-MUM,synthetic
YGC-BEV-0085,LOT-000294,2026-03-11,2026-07-09,1713,CFA-SOUTH,synthetic
YGC-BEV-0086,LOT-000295,2026-06-27,2026-10-25,1822,CFA-NORTH,synthetic
YGC-BEV-0086,LOT-000296,2026-03-21,2026-07-19,1071,DC-MUM,synthetic
YGC-BEV-0086,LOT-000297,2026-03-29,2026-07-27,404,DC-MUM,synthetic
YGC-BEV-0086,LOT-000298,2026-03-31,2026-07-29,1317,CFA-WEST,synthetic
YGC-BEV-0086,LOT-000299,2026-06-03,2026-10-01,1267,DC-MUM,synthetic
YGC-BEV-0087,LOT-000300,2026-03-27,2027-03-27,1846,CFA-WEST,synthetic
YGC-BEV-0087,LOT-000301,2026-06-04,2027-06-04,1056,PLT-HAR,synthetic
YGC-BEV-0088,LOT-000302,2026-04-28,2027-04-28,1451,PLT-HAR,synthetic
YGC-BEV-0088,LOT-000303,2026-04-25,2027-04-25,909,PLT-HAR,synthetic
YGC-BEV-0088,LOT-000304,2026-05-13,2027-05-13,1192,PLT-HAR,synthetic
YGC-BEV-0089,LOT-000305,2026-03-17,2027-03-17,1245,DC-MUM,synthetic
YGC-BEV-0089,LOT-000306,2026-04-14,2027-04-14,267,CFA-NORTH,synthetic
YGC-BEV-0089,LOT-000307,2026-04-28,2027-04-28,1944,PLT-HAR,synthetic
YGC-BEV-0090,LOT-000308,2026-04-30,2027-04-30,1737,CFA-NORTH,synthetic
YGC-BEV-0090,LOT-000309,2026-05-20,2027-05-20,582,DC-MUM,synthetic
YGC-BEV-0090,LOT-000310,2026-03-06,2027-03-06,693,PLT-HAR,synthetic
YGC-BEV-0090,LOT-000311,2026-05-06,2027-05-06,859,CFA-WEST,synthetic
YGC-BEV-0090,LOT-000312,2026-03-17,2027-03-17,725,PLT-HAR,synthetic
YGC-BEV-0091,LOT-000313,2026-04-27,2027-04-27,899,DC-MUM,synthetic
YGC-BEV-0091,LOT-000314,2026-06-11,2027-06-11,1900,CFA-NORTH,synthetic
YGC-BEV-0091,LOT-000315,2026-04-16,2027-04-16,999,CFA-WEST,synthetic
YGC-BEV-0091,LOT-000316,2026-05-28,2027-05-28,1173,DC-DEL,synthetic
YGC-BEV-0091,LOT-000317,2026-06-18,2027-06-18,332,CFA-NORTH,synthetic
YGC-BEV-0092,LOT-000318,2026-05-02,2027-05-02,1881,DC-DEL,synthetic
YGC-BEV-0092,LOT-000319,2026-04-03,2027-04-03,1496,CFA-WEST,synthetic
YGC-BEV-0093,LOT-000320,2026-05-27,2027-05-27,509,DC-DEL,synthetic
YGC-BEV-0093,LOT-000321,2026-05-08,2027-05-08,860,CFA-WEST,synthetic
YGC-BEV-0093,LOT-000322,2026-04-24,2027-04-24,1712,CFA-WEST,synthetic
YGC-BEV-0093,LOT-000323,2026-04-17,2027-04-17,100,DC-DEL,synthetic
YGC-BEV-0093,LOT-000324,2026-03-12,2027-03-12,1302,CFA-WEST,synthetic
YGC-BEV-0094,LOT-000325,2026-04-23,2027-04-23,1546,DC-DEL,synthetic
YGC-BEV-0094,LOT-000326,2026-06-12,2027-06-12,1492,DC-DEL,synthetic
YGC-STA-0095,LOT-000327,2026-06-10,2027-03-07,1342,CFA-WEST,synthetic
YGC-STA-0095,LOT-000328,2026-06-26,2027-03-23,1579,CFA-NORTH,synthetic
YGC-STA-0095,LOT-000329,2026-06-12,2027-03-09,876,CFA-WEST,synthetic
YGC-STA-0095,LOT-000330,2026-04-24,2027-01-19,508,CFA-SOUTH,synthetic
YGC-STA-0096,LOT-000331,2026-03-21,2026-12-16,1850,DC-DEL,synthetic
YGC-STA-0096,LOT-000332,2026-03-19,2026-12-14,1266,DC-DEL,synthetic
YGC-STA-0097,LOT-000333,2026-06-24,2027-03-21,832,PLT-HAR,synthetic
YGC-STA-0097,LOT-000334,2026-03-09,2026-12-04,1375,PLT-HAR,synthetic
YGC-STA-0097,LOT-000335,2026-04-21,2027-01-16,1116,DC-MUM,synthetic
YGC-STA-0097,LOT-000336,2026-04-05,2026-12-31,1186,CFA-SOUTH,synthetic
YGC-STA-0098,LOT-000337,2026-05-22,2027-02-16,300,CFA-NORTH,synthetic
YGC-STA-0098,LOT-000338,2026-06-14,2027-03-11,997,DC-MUM,synthetic
YGC-STA-0099,LOT-000339,2026-03-16,2026-12-11,265,CFA-WEST,synthetic
YGC-STA-0099,LOT-000340,2026-05-31,2027-02-25,1585,DC-DEL,synthetic
YGC-STA-0100,LOT-000341,2026-05-17,2027-02-11,1823,CFA-WEST,synthetic
YGC-STA-0100,LOT-000342,2026-05-11,2027-02-05,1261,CFA-NORTH,synthetic
YGC-STA-0100,LOT-000343,2026-03-08,2026-12-03,1574,CFA-SOUTH,synthetic
YGC-STA-0101,LOT-000344,2026-04-08,2027-01-03,1013,DC-MUM,synthetic
YGC-STA-0101,LOT-000345,2026-03-16,2026-12-11,1696,CFA-WEST,synthetic
YGC-STA-0101,LOT-000346,2026-05-01,2027-01-26,860,DC-DEL,synthetic
YGC-STA-0102,LOT-000347,2026-04-08,2027-01-03,1097,CFA-WEST,synthetic
YGC-STA-0102,LOT-000348,2026-06-17,2027-03-14,1459,DC-MUM,synthetic
YGC-STA-0103,LOT-000349,2026-04-10,2027-04-10,273,CFA-WEST,synthetic
YGC-STA-0103,LOT-000350,2026-06-17,2027-06-17,439,DC-MUM,synthetic
YGC-STA-0103,LOT-000351,2026-05-16,2027-05-16,872,PLT-HAR,synthetic
YGC-STA-0103,LOT-000352,2026-05-02,2027-05-02,135,PLT-HAR,synthetic
YGC-STA-0103,LOT-000353,2026-06-08,2027-06-08,312,CFA-WEST,synthetic
YGC-STA-0104,LOT-000354,2026-03-24,2027-03-24,1462,DC-MUM,synthetic
YGC-STA-0104,LOT-000355,2026-05-10,2027-05-10,1281,CFA-NORTH,synthetic
YGC-STA-0104,LOT-000356,2026-06-03,2027-06-03,582,CFA-WEST,synthetic
YGC-STA-0104,LOT-000357,2026-06-13,2027-06-13,1054,CFA-NORTH,synthetic
YGC-STA-0104,LOT-000358,2026-03-22,2027-03-22,859,CFA-NORTH,synthetic
YGC-STA-0105,LOT-000359,2026-06-25,2027-06-25,184,CFA-WEST,synthetic
YGC-STA-0105,LOT-000360,2026-03-10,2027-03-10,1981,DC-DEL,synthetic
YGC-STA-0105,LOT-000361,2026-05-14,2027-05-14,294,PLT-HAR,synthetic
YGC-STA-0105,LOT-000362,2026-03-28,2027-03-28,1490,PLT-HAR,synthetic
YGC-STA-0106,LOT-000363,2026-06-05,2027-06-05,1847,DC-DEL,synthetic
YGC-STA-0106,LOT-000364,2026-04-28,2027-04-28,195,DC-DEL,synthetic
YGC-STA-0106,LOT-000365,2026-03-30,2027-03-30,1930,CFA-SOUTH,synthetic
YGC-STA-0106,LOT-000366,2026-06-20,2027-06-20,1370,PLT-HAR,synthetic
YGC-STA-0106,LOT-000367,2026-06-08,2027-06-08,1611,CFA-NORTH,synthetic
YGC-STA-0107,LOT-000368,2026-05-30,2027-05-30,1340,CFA-NORTH,synthetic
YGC-STA-0107,LOT-000369,2026-06-20,2027-06-20,905,CFA-NORTH,synthetic
YGC-STA-0107,LOT-000370,2026-04-20,2027-04-20,801,PLT-HAR,synthetic
YGC-STA-0108,LOT-000371,2026-04-21,2027-04-21,82,PLT-HAR,synthetic
YGC-STA-0108,LOT-000372,2026-05-19,2027-05-19,569,CFA-WEST,synthetic
YGC-STA-0108,LOT-000373,2026-06-16,2027-06-16,842,PLT-HAR,synthetic
YGC-STA-0108,LOT-000374,2026-06-24,2027-06-24,448,DC-DEL,synthetic
YGC-STA-0108,LOT-000375,2026-06-26,2027-06-26,346,CFA-WEST,synthetic
YGC-HEA-0109,LOT-000376,2026-06-29,2027-12-21,370,PLT-HAR,synthetic
YGC-HEA-0109,LOT-000377,2026-05-15,2027-11-06,1774,CFA-WEST,synthetic
YGC-HEA-0109,LOT-000378,2026-06-29,2027-12-21,803,DC-DEL,synthetic
YGC-HEA-0109,LOT-000379,2026-06-14,2027-12-06,222,CFA-NORTH,synthetic
YGC-HEA-0110,LOT-000380,2026-04-14,2027-10-06,1384,CFA-NORTH,synthetic
YGC-HEA-0110,LOT-000381,2026-03-16,2027-09-07,289,DC-MUM,synthetic
YGC-HEA-0110,LOT-000382,2026-06-02,2027-11-24,641,PLT-HAR,synthetic
YGC-HEA-0111,LOT-000383,2026-03-11,2027-09-02,1132,CFA-WEST,synthetic
YGC-HEA-0111,LOT-000384,2026-03-18,2027-09-09,488,DC-MUM,synthetic
YGC-HEA-0112,LOT-000385,2026-03-27,2027-09-18,1353,PLT-HAR,synthetic
YGC-HEA-0112,LOT-000386,2026-03-16,2027-09-07,515,CFA-NORTH,synthetic
YGC-HEA-0112,LOT-000387,2026-03-19,2027-09-10,320,DC-DEL,synthetic
YGC-HEA-0112,LOT-000388,2026-06-15,2027-12-07,1902,DC-DEL,synthetic
YGC-HEA-0112,LOT-000389,2026-06-13,2027-12-05,428,CFA-WEST,synthetic
YGC-HEA-0113,LOT-000390,2026-04-01,2027-09-23,1708,DC-MUM,synthetic
YGC-HEA-0113,LOT-000391,2026-03-08,2027-08-30,1411,DC-DEL,synthetic
YGC-HEA-0113,LOT-000392,2026-05-12,2027-11-03,469,CFA-SOUTH,synthetic
YGC-HEA-0114,LOT-000393,2026-04-28,2027-10-20,860,PLT-HAR,synthetic
YGC-HEA-0114,LOT-000394,2026-05-23,2027-11-14,1510,PLT-HAR,synthetic
YGC-HEA-0114,LOT-000395,2026-05-14,2027-11-05,674,CFA-WEST,synthetic
YGC-HEA-0114,LOT-000396,2026-05-24,2027-11-15,1776,CFA-SOUTH,synthetic
YGC-HEA-0114,LOT-000397,2026-04-24,2027-10-16,1458,CFA-NORTH,synthetic
YGC-ORA-0115,LOT-000398,2026-04-04,2028-04-03,361,CFA-NORTH,synthetic
YGC-ORA-0115,LOT-000399,2026-06-12,2028-06-11,1598,CFA-SOUTH,synthetic
YGC-ORA-0115,LOT-000400,2026-05-05,2028-05-04,600,PLT-HAR,synthetic
YGC-ORA-0115,LOT-000401,2026-04-09,2028-04-08,1494,CFA-WEST,synthetic
YGC-ORA-0116,LOT-000402,2026-05-21,2028-05-20,572,DC-DEL,synthetic
YGC-ORA-0116,LOT-000403,2026-04-10,2028-04-09,960,CFA-SOUTH,synthetic
YGC-ORA-0116,LOT-000404,2026-05-09,2028-05-08,130,CFA-NORTH,synthetic
YGC-ORA-0116,LOT-000405,2026-03-15,2028-03-14,1935,DC-DEL,synthetic
YGC-ORA-0116,LOT-000406,2026-05-01,2028-04-30,230,CFA-WEST,synthetic
YGC-ORA-0117,LOT-000407,2026-05-10,2028-05-09,1533,PLT-HAR,synthetic
YGC-ORA-0117,LOT-000408,2026-04-06,2028-04-05,790,CFA-NORTH,synthetic
YGC-ORA-0117,LOT-000409,2026-06-27,2028-06-26,632,DC-MUM,synthetic
YGC-ORA-0118,LOT-000410,2026-05-14,2028-05-13,1992,CFA-SOUTH,synthetic
YGC-ORA-0118,LOT-000411,2026-06-28,2028-06-27,1219,CFA-SOUTH,synthetic
YGC-ORA-0118,LOT-000412,2026-06-23,2028-06-22,741,CFA-SOUTH,synthetic
YGC-ORA-0118,LOT-000413,2026-05-27,2028-05-26,1475,CFA-WEST,synthetic
YGC-ORA-0118,LOT-000414,2026-05-31,2028-05-30,466,DC-MUM,synthetic
YGC-ORA-0119,LOT-000415,2026-03-21,2028-03-20,1784,DC-DEL,synthetic
YGC-ORA-0119,LOT-000416,2026-04-13,2028-04-12,391,CFA-SOUTH,synthetic
YGC-ORA-0119,LOT-000417,2026-04-21,2028-04-20,1778,CFA-SOUTH,synthetic
YGC-ORA-0119,LOT-000418,2026-05-01,2028-04-30,273,PLT-HAR,synthetic
YGC-ORA-0119,LOT-000419,2026-04-11,2028-04-10,1599,DC-MUM,synthetic
YGC-ORA-0120,LOT-000420,2026-05-24,2028-05-23,571,CFA-NORTH,synthetic
YGC-ORA-0120,LOT-000421,2026-05-09,2028-05-08,1747,DC-MUM,synthetic
YGC-ORA-0120,LOT-000422,2026-05-21,2028-05-20,1702,PLT-HAR,synthetic
YGC-ORA-0120,LOT-000423,2026-03-09,2028-03-08,549,CFA-SOUTH,synthetic
YGC-ORA-0120,LOT-000424,2026-06-07,2028-06-06,104,CFA-NORTH,synthetic
YGC-BAB-0121,LOT-000425,2026-04-21,2028-04-20,550,CFA-WEST,synthetic
YGC-BAB-0121,LOT-000426,2026-03-16,2028-03-15,911,CFA-SOUTH,synthetic
YGC-BAB-0121,LOT-000427,2026-04-04,2028-04-03,1930,PLT-HAR,synthetic
YGC-BAB-0121,LOT-000428,2026-04-29,2028-04-28,744,CFA-SOUTH,synthetic
YGC-BAB-0121,LOT-000429,2026-04-26,2028-04-25,1263,CFA-SOUTH,synthetic
YGC-BAB-0122,LOT-000430,2026-06-19,2028-06-18,887,DC-DEL,synthetic
YGC-BAB-0122,LOT-000431,2026-05-22,2028-05-21,1168,PLT-HAR,synthetic
YGC-BAB-0122,LOT-000432,2026-04-27,2028-04-26,1201,DC-MUM,synthetic
YGC-BAB-0122,LOT-000433,2026-06-07,2028-06-06,141,DC-DEL,synthetic
YGC-BAB-0123,LOT-000434,2026-04-17,2028-04-16,932,CFA-WEST,synthetic
YGC-BAB-0123,LOT-000435,2026-03-18,2028-03-17,420,PLT-HAR,synthetic
YGC-BAB-0123,LOT-000436,2026-04-16,2028-04-15,1332,DC-MUM,synthetic
YGC-BAB-0124,LOT-000437,2026-05-08,2028-05-07,1224,CFA-NORTH,synthetic
YGC-BAB-0124,LOT-000438,2026-05-29,2028-05-28,1536,DC-DEL,synthetic
YGC-BAB-0124,LOT-000439,2026-04-12,2028-04-11,1069,PLT-HAR,synthetic
YGC-BAB-0124,LOT-000440,2026-06-15,2028-06-14,63,PLT-HAR,synthetic
YGC-BAB-0124,LOT-000441,2026-03-22,2028-03-21,1214,DC-MUM,synthetic
